reference,name,website,portal_url,platform,scanned_at
E60000001,County Durham LPA,https://www.county-durham-lpa.gov.uk,https://www.county-durham-lpa.gov.uk,Unknown/Custom,2026-04-30T21:06:46.214829
E60000002,Darlington LPA,https://www.darlington-lpa.gov.uk,https://www.darlington-lpa.gov.uk,Unknown/Custom,2026-04-30T21:06:47.926019
E60000003,Hartlepool LPA,https://www.hartlepool-lpa.gov.uk,https://www.hartlepool-lpa.gov.uk,Unknown/Custom,2026-04-30T21:06:49.697485
E60000004,Middlesbrough LPA,https://www.middlesbrough-lpa.gov.uk,https://www.middlesbrough-lpa.gov.uk,Unknown/Custom,2026-04-30T21:06:51.451416
E60000005,Northumberland LPA,https://www.northumberland-lpa.gov.uk,https://www.northumberland-lpa.gov.uk,Unknown/Custom,2026-04-30T21:06:53.183602
E60000006,Redcar and Cleveland LPA,https://www.redcar-and-cleveland-lpa.gov.uk,https://www.redcar-and-cleveland-lpa.gov.uk,Unknown/Custom,2026-04-30T21:06:54.886492
E60000007,Stockton-on-Tees LPA,https://www.stockton-on-tees-lpa.gov.uk,https://www.stockton-on-tees-lpa.gov.uk,Unknown/Custom,2026-04-30T21:06:56.581926
E60000008,Gateshead LPA,https://www.gateshead-lpa.gov.uk,https://www.gateshead-lpa.gov.uk,Unknown/Custom,2026-04-30T21:06:58.316768
E60000009,Newcastle upon Tyne LPA,https://www.newcastle-upon-tyne-lpa.gov.uk,https://www.newcastle-upon-tyne-lpa.gov.uk,Unknown/Custom,2026-04-30T21:07:00.032400
E60000010,North Tyneside LPA,https://www.north-tyneside-lpa.gov.uk,https://www.north-tyneside-lpa.gov.uk,Unknown/Custom,2026-04-30T21:07:01.754890
E60000011,South Tyneside LPA,https://www.south-tyneside-lpa.gov.uk,https://www.south-tyneside-lpa.gov.uk,Unknown/Custom,2026-04-30T21:07:03.499537
E60000012,Sunderland LPA,https://www.sunderland-lpa.gov.uk,https://www.sunderland-lpa.gov.uk,Unknown/Custom,2026-04-30T21:07:05.168665
E60000013,Blackburn with Darwen LPA,https://www.blackburn-with-darwen-lpa.gov.uk,https://www.blackburn-with-darwen-lpa.gov.uk,Unknown/Custom,2026-04-30T21:07:06.861208
E60000014,Blackpool LPA,https://www.blackpool-lpa.gov.uk,https://www.blackpool-lpa.gov.uk,Unknown/Custom,2026-04-30T21:07:08.589038
E60000015,Cheshire East LPA,https://www.cheshire-east-lpa.gov.uk,https://www.cheshire-east-lpa.gov.uk,Unknown/Custom,2026-04-30T21:07:10.361211
E60000016,Cheshire West and Chester LPA,https://www.cheshire-west-and-chester-lpa.gov.uk,https://www.cheshire-west-and-chester-lpa.gov.uk,Unknown/Custom,2026-04-30T21:07:12.080929
E60000017,Halton LPA,https://www.halton-lpa.gov.uk,https://www.halton-lpa.gov.uk,Unknown/Custom,2026-04-30T21:07:13.787334
E60000018,Warrington LPA,https://www.warrington-lpa.gov.uk,https://www.warrington-lpa.gov.uk,Unknown/Custom,2026-04-30T21:07:15.602916
E60000019,Allerdale LPA,https://www.allerdale-lpa.gov.uk,https://www.allerdale-lpa.gov.uk,Unknown/Custom,2026-04-30T21:07:17.297767
E60000020,Barrow-in-Furness LPA,https://www.barrow-in-furness-lpa.gov.uk,https://www.barrow-in-furness-lpa.gov.uk,Unknown/Custom,2026-04-30T21:07:19.072893
E60000021,Carlisle LPA,https://www.carlisle-lpa.gov.uk,https://www.carlisle-lpa.gov.uk,Unknown/Custom,2026-04-30T21:07:20.749545
E60000022,Copeland LPA,https://www.copeland-lpa.gov.uk,https://www.copeland-lpa.gov.uk,Unknown/Custom,2026-04-30T21:07:22.468180
E60000023,Eden LPA,https://www.eden-lpa.gov.uk,https://www.eden-lpa.gov.uk,Unknown/Custom,2026-04-30T21:07:24.228367
E60000024,South Lakeland LPA,https://www.south-lakeland-lpa.gov.uk,https://www.south-lakeland-lpa.gov.uk,Unknown/Custom,2026-04-30T21:07:25.962250
E60000025,Bolton LPA,https://www.bolton-lpa.gov.uk,https://www.bolton-lpa.gov.uk,Unknown/Custom,2026-04-30T21:07:27.685286
E60000026,Bury LPA,https://www.bury-lpa.gov.uk,https://www.bury-lpa.gov.uk,Unknown/Custom,2026-04-30T21:07:29.402769
E60000027,Manchester LPA,https://www.manchester-lpa.gov.uk,https://www.manchester-lpa.gov.uk,Unknown/Custom,2026-04-30T21:07:31.095160
E60000028,Oldham LPA,https://www.oldham-lpa.gov.uk,https://www.oldham-lpa.gov.uk,Unknown/Custom,2026-04-30T21:07:32.859405
E60000029,Rochdale LPA,https://www.rochdale-lpa.gov.uk,https://www.rochdale-lpa.gov.uk,Unknown/Custom,2026-04-30T21:07:34.532767
E60000030,Salford LPA,https://www.salford-lpa.gov.uk,https://www.salford-lpa.gov.uk,Unknown/Custom,2026-04-30T21:07:36.253903
E60000031,Stockport LPA,https://www.stockport-lpa.gov.uk,https://www.stockport-lpa.gov.uk,Unknown/Custom,2026-04-30T21:07:38.015466
E60000032,Tameside LPA,https://www.tameside-lpa.gov.uk,https://www.tameside-lpa.gov.uk,Unknown/Custom,2026-04-30T21:07:39.781396
E60000033,Trafford LPA,https://www.trafford-lpa.gov.uk,https://www.trafford-lpa.gov.uk,Unknown/Custom,2026-04-30T21:07:41.482720
E60000034,Wigan LPA,https://www.wigan-lpa.gov.uk,https://www.wigan-lpa.gov.uk,Unknown/Custom,2026-04-30T21:07:43.187155
E60000035,Burnley LPA,https://www.burnley-lpa.gov.uk,https://www.burnley-lpa.gov.uk,Unknown/Custom,2026-04-30T21:07:44.878806
E60000036,Chorley LPA,https://www.chorley-lpa.gov.uk,https://www.chorley-lpa.gov.uk,Unknown/Custom,2026-04-30T21:07:46.578718
E60000037,Fylde LPA,https://www.fylde-lpa.gov.uk,https://www.fylde-lpa.gov.uk,Unknown/Custom,2026-04-30T21:07:48.279164
E60000038,Hyndburn LPA,https://www.hyndburn-lpa.gov.uk,https://www.hyndburn-lpa.gov.uk,Unknown/Custom,2026-04-30T21:07:49.987299
E60000039,Lancaster LPA,https://www.lancaster-lpa.gov.uk,https://www.lancaster-lpa.gov.uk,Unknown/Custom,2026-04-30T21:07:51.723428
E60000040,Pendle LPA,https://www.pendle-lpa.gov.uk,https://www.pendle-lpa.gov.uk,Unknown/Custom,2026-04-30T21:07:53.446887
E60000041,Preston LPA,https://www.preston-lpa.gov.uk,https://www.preston-lpa.gov.uk,Unknown/Custom,2026-04-30T21:07:55.137028
E60000042,Ribble Valley LPA,https://www.ribble-valley-lpa.gov.uk,https://www.ribble-valley-lpa.gov.uk,Unknown/Custom,2026-04-30T21:07:56.879048
E60000043,Rossendale LPA,https://www.rossendale-lpa.gov.uk,https://www.rossendale-lpa.gov.uk,Unknown/Custom,2026-04-30T21:07:58.616319
E60000044,South Ribble LPA,https://www.south-ribble-lpa.gov.uk,https://www.south-ribble-lpa.gov.uk,Unknown/Custom,2026-04-30T21:08:00.334729
E60000045,West Lancashire LPA,https://www.west-lancashire-lpa.gov.uk,https://www.west-lancashire-lpa.gov.uk,Unknown/Custom,2026-04-30T21:08:02.051522
E60000046,Wyre LPA,https://www.wyre-lpa.gov.uk,https://www.wyre-lpa.gov.uk,Unknown/Custom,2026-04-30T21:08:03.748590
E60000047,Knowsley LPA,https://www.knowsley-lpa.gov.uk,https://www.knowsley-lpa.gov.uk,Unknown/Custom,2026-04-30T21:08:05.454698
E60000048,Liverpool LPA,https://www.liverpool-lpa.gov.uk,https://www.liverpool-lpa.gov.uk,Unknown/Custom,2026-04-30T21:08:07.224342
E60000049,Sefton LPA,https://www.sefton-lpa.gov.uk,https://www.sefton-lpa.gov.uk,Unknown/Custom,2026-04-30T21:08:08.991907
E60000050,St. Helens LPA,https://www.st-helens-lpa.gov.uk,https://www.st-helens-lpa.gov.uk,Unknown/Custom,2026-04-30T21:08:10.684839
E60000051,Wirral LPA,https://www.wirral-lpa.gov.uk,https://www.wirral-lpa.gov.uk,Unknown/Custom,2026-04-30T21:08:12.478137
E60000052,East Riding of Yorkshire LPA,https://www.east-riding-of-yorkshire-lpa.gov.uk,https://www.east-riding-of-yorkshire-lpa.gov.uk,Unknown/Custom,2026-04-30T21:08:14.162169
E60000053,"Kingston upon Hull, City of LPA",https://www.kingston-upon-hull-of-lpa.gov.uk,https://www.kingston-upon-hull-of-lpa.gov.uk,Unknown/Custom,2026-04-30T21:08:15.877891
E60000054,North East Lincolnshire LPA,https://www.north-east-lincolnshire-lpa.gov.uk,https://www.north-east-lincolnshire-lpa.gov.uk,Unknown/Custom,2026-04-30T21:08:17.604691
E60000055,North Lincolnshire LPA,https://www.north-lincolnshire-lpa.gov.uk,https://www.north-lincolnshire-lpa.gov.uk,Unknown/Custom,2026-04-30T21:08:19.300929
E60000056,York LPA,https://www.york-lpa.gov.uk,https://www.york-lpa.gov.uk,Unknown/Custom,2026-04-30T21:08:21.017901
E60000057,Craven LPA,https://www.craven-lpa.gov.uk,https://www.craven-lpa.gov.uk,Unknown/Custom,2026-04-30T21:08:22.722662
E60000058,Hambleton LPA,https://www.hambleton-lpa.gov.uk,https://www.hambleton-lpa.gov.uk,Unknown/Custom,2026-04-30T21:08:24.419907
E60000059,Harrogate LPA,https://www.harrogate-lpa.gov.uk,https://www.harrogate-lpa.gov.uk,Unknown/Custom,2026-04-30T21:08:26.147625
E60000060,Richmondshire LPA,https://www.richmondshire-lpa.gov.uk,https://www.richmondshire-lpa.gov.uk,Unknown/Custom,2026-04-30T21:08:27.991765
E60000061,Ryedale LPA,https://www.ryedale-lpa.gov.uk,https://www.ryedale-lpa.gov.uk,Unknown/Custom,2026-04-30T21:08:29.715751
E60000062,Scarborough LPA,https://www.scarborough-lpa.gov.uk,https://www.scarborough-lpa.gov.uk,Unknown/Custom,2026-04-30T21:08:31.441415
E60000063,Selby LPA,https://www.selby-lpa.gov.uk,https://www.selby-lpa.gov.uk,Unknown/Custom,2026-04-30T21:08:33.145985
E60000064,Barnsley LPA,https://www.barnsley-lpa.gov.uk,https://www.barnsley-lpa.gov.uk,Unknown/Custom,2026-04-30T21:08:34.891838
E60000065,Doncaster LPA,https://www.doncaster-lpa.gov.uk,https://www.doncaster-lpa.gov.uk,Unknown/Custom,2026-04-30T21:08:36.592978
E60000066,Rotherham LPA,https://www.rotherham-lpa.gov.uk,https://www.rotherham-lpa.gov.uk,Unknown/Custom,2026-04-30T21:08:38.315219
E60000067,Sheffield LPA,https://www.sheffield-lpa.gov.uk,https://www.sheffield-lpa.gov.uk,Unknown/Custom,2026-04-30T21:08:40.018941
E60000068,Bradford LPA,https://www.bradford-lpa.gov.uk,https://www.bradford-lpa.gov.uk,Unknown/Custom,2026-04-30T21:08:42.019613
E60000069,Calderdale LPA,https://www.calderdale-lpa.gov.uk,https://www.calderdale-lpa.gov.uk,Unknown/Custom,2026-04-30T21:08:43.722546
E60000070,Kirklees LPA,https://www.kirklees-lpa.gov.uk,https://www.kirklees-lpa.gov.uk,Unknown/Custom,2026-04-30T21:08:45.502268
